player_name,player_pos,player_link,player_image
Tomas Fleischmann,LW,https://www.nhl.com/player/8470039,https://assets.nhle.com/mugs/nhl/20112012/FLA/8470039.png
Stephen Weiss,C,https://www.nhl.com/player/8469457,https://assets.nhle.com/mugs/nhl/20112012/FLA/8469457.png
Kris Versteeg,RW,https://www.nhl.com/player/8471346,https://assets.nhle.com/mugs/nhl/20112012/FLA/8471346.png
Brian Campbell,D,https://www.nhl.com/player/8466285,https://assets.nhle.com/mugs/nhl/20112012/FLA/8466285.png
Jason Garrison,D,https://www.nhl.com/player/8474520,https://assets.nhle.com/mugs/nhl/20112012/FLA/8474520.png
Tomas Kopecky,RW,https://www.nhl.com/player/8468518,https://assets.nhle.com/mugs/nhl/20112012/FLA/8468518.png
Mikael Samuelsson,RW,https://www.nhl.com/player/8467463,https://assets.nhle.com/mugs/nhl/20112012/FLA/8467463.png
Dmitry Kulikov,D,https://www.nhl.com/player/8475179,https://assets.nhle.com/mugs/nhl/20112012/FLA/8475179.png
Marcel Goc,C,https://www.nhl.com/player/8469473,https://assets.nhle.com/mugs/nhl/20112012/FLA/8469473.png
Shawn Matthias,LW,https://www.nhl.com/player/8473574,https://assets.nhle.com/mugs/nhl/20112012/FLA/8473574.png
Sean Bergenheim,LW,https://www.nhl.com/player/8470176,https://assets.nhle.com/mugs/nhl/20112012/FLA/8470176.png
Mike Weaver,D,https://www.nhl.com/player/8468478,https://assets.nhle.com/mugs/nhl/20112012/FLA/8468478.png
Ed Jovanovski,D,https://www.nhl.com/player/8460492,https://assets.nhle.com/mugs/nhl/20112012/FLA/8460492.png
Mike Santorelli,C,https://www.nhl.com/player/8471390,https://assets.nhle.com/mugs/nhl/20112012/FLA/8471390.png
Jack Skille,RW,https://www.nhl.com/player/8471681,https://assets.nhle.com/mugs/nhl/20112012/FLA/8471681.png
Wojtek Wolski,LW,https://www.nhl.com/player/8471234,https://assets.nhle.com/mugs/nhl/20112012/FLA/8471234.png
Matt Bradley,RW,https://www.nhl.com/player/8465059,https://assets.nhle.com/mugs/nhl/20112012/FLA/8465059.png
Erik Gudbranson,D,https://www.nhl.com/player/8475790,https://assets.nhle.com/mugs/nhl/20112012/FLA/8475790.png
Marco Sturm,LW,https://www.nhl.com/player/8464979,https://assets.nhle.com/mugs/nhl/20112012/FLA/8464979.png
Michal Repik,RW,https://www.nhl.com/player/8474153,https://assets.nhle.com/mugs/nhl/20112012/FLA/8474153.png
Scottie Upshall,RW,https://www.nhl.com/player/8470105,https://assets.nhle.com/mugs/nhl/20112012/FLA/8470105.png
Krys Barch,RW,https://www.nhl.com/player/8467428,https://assets.nhle.com/mugs/nhl/20112012/FLA/8467428.png
Keaton Ellerby,D,https://www.nhl.com/player/8474184,https://assets.nhle.com/mugs/nhl/20112012/FLA/8474184.png
John Madden,C,https://www.nhl.com/player/8466371,https://assets.nhle.com/mugs/nhl/20112012/FLA/8466371.png
Evgenii Dadonov,RW,https://www.nhl.com/player/8474149,https://assets.nhle.com/mugs/nhl/20112012/FLA/8474149.png
Tyson Strachan,D,https://www.nhl.com/player/8470729,https://assets.nhle.com/mugs/nhl/20112012/FLA/8470729.png
Tim Kennedy,LW,https://www.nhl.com/player/8471842,https://assets.nhle.com/mugs/nhl/20112012/FLA/8471842.png
Bill Thomas,RW,https://www.nhl.com/player/8472361,https://assets.nhle.com/mugs/nhl/20112012/FLA/8472361.png
Mark Cullen,C,https://www.nhl.com/player/8470005,https://assets.nhle.com/mugs/nhl/20112012/FLA/8470005.png
David Booth,LW,https://www.nhl.com/player/8471266,https://assets.nhle.com/mugs/nhl/20112012/FLA/8471266.png
Jerred Smithson,C,https://www.nhl.com/player/8468162,https://assets.nhle.com/mugs/nhl/20112012/FLA/8468162.png
Nolan Yonkman,D,https://www.nhl.com/player/8467910,https://assets.nhle.com/mugs/nhl/20112012/FLA/8467910.png
Jon Matsumoto,C,https://www.nhl.com/player/8473444,https://assets.nhle.com/mugs/nhl/20112012/FLA/8473444.png
Greg Rallo,C,https://www.nhl.com/player/8473867,https://assets.nhle.com/mugs/nhl/20112012/FLA/8473867.png
Colby Robak,D,https://www.nhl.com/player/8474606,https://assets.nhle.com/mugs/nhl/20112012/FLA/8474606.png
Bracken Kearns,C,https://www.nhl.com/player/8471996,https://assets.nhle.com/mugs/nhl/20112012/FLA/8471996.png
Ryan Carter,LW,https://www.nhl.com/player/8473646,https://assets.nhle.com/mugs/nhl/20112012/FLA/8473646.png
Jose Theodore,G,https://www.nhl.com/player/8460535,https://assets.nhle.com/mugs/nhl/20112012/FLA/8460535.png
Scott Clemmensen,G,https://www.nhl.com/player/8466339,https://assets.nhle.com/mugs/nhl/20112012/FLA/8466339.png
Jacob Markstrom,G,https://www.nhl.com/player/8474593,https://assets.nhle.com/mugs/nhl/20112012/FLA/8474593.png
Brian Foster,G,https://www.nhl.com/player/8471822,https://assets.nhle.com/mugs/nhl/20112012/FLA/8471822.png
