player_name,player_pos,player_link_official,player_link_ep,player_image
Ray Bourque,D,https://www.nhl.com/player/8445621,,https://assets.nhle.com/mugs/nhl/20002001/COL/8445621.png
Greg De Vries,D,https://www.nhl.com/player/8460254,,https://assets.nhle.com/mugs/nhl/20002001/COL/8460254.png
Stephane Yelle,C,https://www.nhl.com/player/8459122,,https://assets.nhle.com/mugs/nhl/20002001/COL/8459122.png
Eric Messier,LW,https://www.nhl.com/player/8460012,,https://assets.nhle.com/mugs/nhl/20002001/COL/8460012.png
Steve Reinprecht,C,https://www.nhl.com/player/8468432,,https://assets.nhle.com/mugs/nhl/20002001/COL/8468432.png
Yuri Babenko,C,https://www.nhl.com/player/8465002,,https://assets.nhle.com/mugs/nhl/20002001/COL/8465002.png
Pascal Trepanier,D,https://www.nhl.com/player/8460087,,https://assets.nhle.com/mugs/nhl/20012002/COL/8460087.png
Vaclav Nedorost,C,https://www.nhl.com/player/8468494,,https://assets.nhle.com/mugs/nhl/20012002/COL/8468494.png
Denis Smith,D,https://www.nhl.com/player/8462069,,https://assets.nhle.com/mugs/nhl/20022003/COL/8462069.png
Steve Brule,C,https://www.nhl.com/player/8459566,,https://assets.nhle.com/mugs/nhl/20022003/COL/8459566.png
Teemu Selanne,RW,https://www.nhl.com/player/8457981,,https://assets.nhle.com/mugs/nhl/20032004/COL/8457981.png
Ossi Vaananen,D,https://www.nhl.com/player/8467369,,https://assets.nhle.com/mugs/nhl/20032004/COL/8467369.png
Ian Laperriere,RW,https://www.nhl.com/player/8459094,,https://assets.nhle.com/mugs/nhl/20052006/COL/8459094.png
Ben Guite,RW,https://www.nhl.com/player/8466300,,https://assets.nhle.com/mugs/nhl/20062007/COL/8466300.png
TJ Galiardi,LW,https://www.nhl.com/player/8474001,,https://assets.nhle.com/mugs/nhl/20082009/COL/8474001.png
Daniel Tjarnqvist,D,https://www.nhl.com/player/8462115,,https://assets.nhle.com/mugs/nhl/20082009/COL/8462115.png
Jonas Holos,D,https://www.nhl.com/player/8474730,,https://assets.nhle.com/mugs/nhl/20102011/COL/8474730.png
Joakim Lindstrom,C,https://www.nhl.com/player/8470152,,https://assets.nhle.com/mugs/nhl/20112012/COL/8470152.png
PA Parenteau,RW,https://www.nhl.com/player/8469707,,https://assets.nhle.com/mugs/nhl/20122013/COL/8469707.png
Michael Sgarbossa,C,https://www.nhl.com/player/8475958,,https://assets.nhle.com/mugs/nhl/20122013/COL/8475958.png
Andre Benoit,D,https://www.nhl.com/player/8470378,,https://assets.nhle.com/mugs/nhl/20132014/COL/8470378.png
Max Talbot,C,https://www.nhl.com/player/8470171,,https://assets.nhle.com/mugs/nhl/20132014/COL/8470171.png
Marc-Andre Cliche,C,https://www.nhl.com/player/8471718,,https://assets.nhle.com/mugs/nhl/20132014/COL/8471718.png
Carl Soderberg,C,https://www.nhl.com/player/8471262,,https://assets.nhle.com/mugs/nhl/20152016/COL/8471262.png
Francois Beauchemin,D,https://www.nhl.com/player/8467400,,https://assets.nhle.com/mugs/nhl/20152016/COL/8467400.png
Mikkel Boedker,LW,https://www.nhl.com/player/8474571,,https://assets.nhle.com/mugs/nhl/20152016/COL/8474571.png
Eric Gelinas,D,https://www.nhl.com/player/8475199,,https://assets.nhle.com/mugs/nhl/20152016/COL/8475199.png
Rene Bourque,RW,https://www.nhl.com/player/8471504,,https://assets.nhle.com/mugs/nhl/20162017/COL/8471504.png
Fedor Tyutin,D,https://www.nhl.com/player/8469492,,https://assets.nhle.com/mugs/nhl/20162017/COL/8469492.png
Andre Burakovsky,LW,https://www.nhl.com/player/8477444,,https://assets.nhle.com/mugs/nhl/20192020/COL/8477444.png
Pierre-Edouard Bellemare,LW,https://www.nhl.com/player/8477930,,https://assets.nhle.com/mugs/nhl/20192020/COL/8477930.png
Calle Rosen,D,https://www.nhl.com/player/8480157,,https://assets.nhle.com/mugs/nhl/20192020/COL/8480157.png
Nicolas Aube-Kubel,RW,https://www.nhl.com/player/8477979,,https://assets.nhle.com/mugs/nhl/20212022/COL/8477979.png
Callahan Burke,C,https://www.nhl.com/player/8482250,,https://assets.nhle.com/mugs/nhl/20222023/COL/8482250.png
Alex Galchenyuk,C,https://www.nhl.com/player/8476851,,https://assets.nhle.com/mugs/nhl/20222023/COL/8476851.png
Ondrej Pavel,C,https://www.nhl.com/player/8484259,,https://assets.nhle.com/mugs/nhl/20232024/COL/8484259.png
Martin Necas,C,https://www.nhl.com/player/8480039,,https://assets.nhle.com/mugs/nhl/20242025/COL/8480039.png
Eric Daze,LW,https://www.nhl.com/player/8459515,,https://assets.nhle.com/mugs/nhl/20002001/CHI/8459515.png
Stephane Quintal,D,https://www.nhl.com/player/8450620,,https://assets.nhle.com/mugs/nhl/20002001/CHI/8450620.png
Ryan Vandenbussche,RW,https://www.nhl.com/player/8459109,,https://assets.nhle.com/mugs/nhl/20002001/CHI/8459109.png
Chris Mcalpine,D,https://www.nhl.com/player/8457264,,https://assets.nhle.com/mugs/nhl/20002001/CHI/8457264.png
Reto Von Arx,LW,https://www.nhl.com/player/8468751,,https://assets.nhle.com/mugs/nhl/20002001/CHI/8468751.png
Igor Korolev,C,https://www.nhl.com/player/8458974,,https://assets.nhle.com/mugs/nhl/20012002/CHI/8458974.png
Pascal Rheaume,C,https://www.nhl.com/player/8459223,,https://assets.nhle.com/mugs/nhl/20012002/CHI/8459223.png
Louie Debrusk,LW,https://www.nhl.com/player/8456031,,https://assets.nhle.com/mugs/nhl/20022003/CHI/8456031.png
Stephane Robidas,D,https://www.nhl.com/player/8462196,,https://assets.nhle.com/mugs/nhl/20032004/CHI/8462196.png
Pavel Vorobiev,RW,https://www.nhl.com/player/8468491,,https://assets.nhle.com/mugs/nhl/20032004/CHI/8468491.png
Martin Havlat,RW,https://www.nhl.com/player/8467899,,https://assets.nhle.com/mugs/nhl/20062007/CHI/8467899.png
Nikita Alexeev,RW,https://www.nhl.com/player/8468488,,https://assets.nhle.com/mugs/nhl/20062007/CHI/8468488.png
Samuel Pahlsson,C,https://www.nhl.com/player/8465192,,https://assets.nhle.com/mugs/nhl/20082009/CHI/8465192.png
Marian Hossa,RW,https://www.nhl.com/player/8466148,,https://assets.nhle.com/mugs/nhl/20092010/CHI/8466148.png
Viktor Stalberg,LW,https://www.nhl.com/player/8473537,,https://assets.nhle.com/mugs/nhl/20102011/CHI/8473537.png
Michael Frolik,RW,https://www.nhl.com/player/8473564,,https://assets.nhle.com/mugs/nhl/20102011/CHI/8473564.png
Marcus Kruger,C,https://www.nhl.com/player/8475323,,https://assets.nhle.com/mugs/nhl/20102011/CHI/8475323.png
Sami Lepisto,D,https://www.nhl.com/player/8471279,,https://assets.nhle.com/mugs/nhl/20112012/CHI/8471279.png
Michal Rozsival,D,https://www.nhl.com/player/8465058,,https://assets.nhle.com/mugs/nhl/20122013/CHI/8465058.png
Joakim Nordstrom,C,https://www.nhl.com/player/8475807,,https://assets.nhle.com/mugs/nhl/20132014/CHI/8475807.png
Teuvo Teravainen,C,https://www.nhl.com/player/8476882,,https://assets.nhle.com/mugs/nhl/20132014/CHI/8476882.png
Artem Anisimov,C,https://www.nhl.com/player/8473573,,https://assets.nhle.com/mugs/nhl/20162017/CHI/8473573.png
Richard Panik,RW,https://www.nhl.com/player/8475209,,https://assets.nhle.com/mugs/nhl/20162017/CHI/8475209.png
Michal Kempny,D,https://www.nhl.com/player/8479482,,https://assets.nhle.com/mugs/nhl/20162017/CHI/8479482.png
David Kampf,C,https://www.nhl.com/player/8480144,,https://assets.nhle.com/mugs/nhl/20172018/CHI/8480144.png
Carl Dahlstrom,D,https://www.nhl.com/player/8477472,,https://assets.nhle.com/mugs/nhl/20172018/CHI/8477472.png
Dominik Kubalik,LW,https://www.nhl.com/player/8477330,,https://assets.nhle.com/mugs/nhl/20192020/CHI/8477330.png
Alex Nylander,LW,https://www.nhl.com/player/8479423,,https://assets.nhle.com/mugs/nhl/20192020/CHI/8479423.png
Henrik Borgstrom,C,https://www.nhl.com/player/8479404,,https://assets.nhle.com/mugs/nhl/20212022/CHI/8479404.png
Buddy Robinson,RW,https://www.nhl.com/player/8477210,,https://assets.nhle.com/mugs/nhl/20222023/CHI/8477210.png
David Gust,RW,https://www.nhl.com/player/8480328,,https://assets.nhle.com/mugs/nhl/20222023/CHI/8480328.png
Zachary Sanford,LW,https://www.nhl.com/player/8477482,,https://assets.nhle.com/mugs/nhl/20232024/CHI/8477482.png
David Vyborny,RW,https://www.nhl.com/player/8459455,,https://assets.nhle.com/mugs/nhl/20002001/CBJ/8459455.png
Radim Bicanek,D,https://www.nhl.com/player/8459449,,https://assets.nhle.com/mugs/nhl/20002001/CBJ/8459449.png
William Bowler,C,https://www.nhl.com/player/8459993,,https://assets.nhle.com/mugs/nhl/20002001/CBJ/8459993.png
Michael Gaul,D,https://www.nhl.com/player/8458801,,https://assets.nhle.com/mugs/nhl/20002001/CBJ/8458801.png
Lasse Pirjeta,LW,https://www.nhl.com/player/8470030,,https://assets.nhle.com/mugs/nhl/20022003/CBJ/8470030.png
Hannes Hyvonen,RW,https://www.nhl.com/player/8468130,,https://assets.nhle.com/mugs/nhl/20022003/CBJ/8468130.png
Nikolay Zherdev,RW,https://www.nhl.com/player/8470597,,https://assets.nhle.com/mugs/nhl/20032004/CBJ/8470597.png
Donald MacLean,C,https://www.nhl.com/player/8462062,,https://assets.nhle.com/mugs/nhl/20032004/CBJ/8462062.png
Radoslav Suchy,D,https://www.nhl.com/player/8466443,,https://assets.nhle.com/mugs/nhl/20052006/CBJ/8466443.png
Gilbert Brule,C,https://www.nhl.com/player/8471680,,https://assets.nhle.com/mugs/nhl/20052006/CBJ/8471680.png
Benjamin Simon,LW,https://www.nhl.com/player/8466240,,https://assets.nhle.com/mugs/nhl/20052006/CBJ/8466240.png
Freddy Modin,LW,https://www.nhl.com/player/8460556,,https://assets.nhle.com/mugs/nhl/20062007/CBJ/8460556.png
Dick Tarnstrom,D,https://www.nhl.com/player/8460757,,https://assets.nhle.com/mugs/nhl/20072008/CBJ/8460757.png
Jakub Voracek,RW,https://www.nhl.com/player/8474161,,https://assets.nhle.com/mugs/nhl/20082009/CBJ/8474161.png
Christian Backman,D,https://www.nhl.com/player/8467348,,https://assets.nhle.com/mugs/nhl/20082009/CBJ/8467348.png
Maksim Mayorov,LW,https://www.nhl.com/player/8474195,,https://assets.nhle.com/mugs/nhl/20082009/CBJ/8474195.png
Anton Stralman,D,https://www.nhl.com/player/8471873,,https://assets.nhle.com/mugs/nhl/20092010/CBJ/8471873.png
Vinny Prospal,LW,https://www.nhl.com/player/8459492,,https://assets.nhle.com/mugs/nhl/20112012/CBJ/8459492.png
Radek Martinek,D,https://www.nhl.com/player/8468101,,https://assets.nhle.com/mugs/nhl/20112012/CBJ/8468101.png
Marian Gaborik,RW,https://www.nhl.com/player/8468483,,https://assets.nhle.com/mugs/nhl/20122013/CBJ/8468483.png
Markus Hannikainen,LW,https://www.nhl.com/player/8478541,,https://assets.nhle.com/mugs/nhl/20152016/CBJ/8478541.png
Emil Bemstrom,C,https://www.nhl.com/player/8480205,,https://assets.nhle.com/mugs/nhl/20192020/CBJ/8480205.png
Calvin Thurkauf,C,https://www.nhl.com/player/8479557,,https://assets.nhle.com/mugs/nhl/20192020/CBJ/8479557.png
Gregory Hofmann,C,https://www.nhl.com/player/8476345,,https://assets.nhle.com/mugs/nhl/20212022/CBJ/8476345.png
Marcus Bjork,D,https://www.nhl.com/player/8483620,,https://assets.nhle.com/mugs/nhl/20222023/CBJ/8483620.png
Mikael Pyyhtia,LW,https://www.nhl.com/player/8482451,,https://assets.nhle.com/mugs/nhl/20222023/CBJ/8482451.png
Zachary Aston-Reese,C,https://www.nhl.com/player/8479944,,https://assets.nhle.com/mugs/nhl/20242025/CBJ/8479944.png
Al Macinnis,D,https://www.nhl.com/player/8448960,,https://assets.nhle.com/mugs/nhl/20002001/STL/8448960.png
Daniel Trebil,D,https://www.nhl.com/player/8459074,,https://assets.nhle.com/mugs/nhl/20002001/STL/8459074.png
Martin Rucinsky,LW,https://www.nhl.com/player/8458534,,https://assets.nhle.com/mugs/nhl/20022003/STL/8458534.png
Michael Danton,C,https://www.nhl.com/player/8468615,,https://assets.nhle.com/mugs/nhl/20032004/STL/8468615.png
John Pohl,C,https://www.nhl.com/player/8467565,,https://assets.nhle.com/mugs/nhl/20032004/STL/8467565.png
Vladimir Orszagh,LW,https://www.nhl.com/player/8462136,,https://assets.nhle.com/mugs/nhl/20052006/STL/8462136.png
Jon Disalvatore,RW,https://www.nhl.com/player/8468584,,https://assets.nhle.com/mugs/nhl/20052006/STL/8468584.png
DJ King,LW,https://www.nhl.com/player/8470294,,https://assets.nhle.com/mugs/nhl/20062007/STL/8470294.png
Joel Perrault,C,https://www.nhl.com/player/8469584,,https://assets.nhle.com/mugs/nhl/20062007/STL/8469584.png
Roman Polak,D,https://www.nhl.com/player/8471392,,https://assets.nhle.com/mugs/nhl/20062007/STL/8471392.png
Micki Dupont,D,https://www.nhl.com/player/8468750,,https://assets.nhle.com/mugs/nhl/20072008/STL/8468750.png
Steve Regier,LW,https://www.nhl.com/player/8471360,,https://assets.nhle.com/mugs/nhl/20082009/STL/8471360.png
Vladimir Sobotka,C,https://www.nhl.com/player/8471743,,https://assets.nhle.com/mugs/nhl/20102011/STL/8471743.png
Evgeny Grachev,C,https://www.nhl.com/player/8474634,,https://assets.nhle.com/mugs/nhl/20112012/STL/8474634.png
Magnus Paajarvi,LW,https://www.nhl.com/player/8475175,,https://assets.nhle.com/mugs/nhl/20132014/STL/8475175.png
Jori Lehtera,C,https://www.nhl.com/player/8474627,,https://assets.nhle.com/mugs/nhl/20142015/STL/8474627.png
Ivan Barbashev,C,https://www.nhl.com/player/8477964,,https://assets.nhle.com/mugs/nhl/20162017/STL/8477964.png
Sammy Blais,LW,https://www.nhl.com/player/8478104,,https://assets.nhle.com/mugs/nhl/20172018/STL/8478104.png
Jakub Jerabek,D,https://www.nhl.com/player/8480143,,https://assets.nhle.com/mugs/nhl/20182019/STL/8480143.png
Alexey Toropchenko,RW,https://www.nhl.com/player/8480281,,https://assets.nhle.com/mugs/nhl/20212022/STL/8480281.png
Josh Leivo,LW,https://www.nhl.com/player/8476410,,https://assets.nhle.com/mugs/nhl/20222023/STL/8476410.png
Jakub Vrana,LW,https://www.nhl.com/player/8477944,,https://assets.nhle.com/mugs/nhl/20222023/STL/8477944.png
Matthew Kessel,D,https://www.nhl.com/player/8482516,,https://assets.nhle.com/mugs/nhl/20222023/STL/8482516.png
Zack Bolduc,RW,https://www.nhl.com/player/8482737,,https://assets.nhle.com/mugs/nhl/20232024/STL/8482737.png
Dalibor Dvorsky,RW,https://www.nhl.com/player/8484164,,https://assets.nhle.com/mugs/nhl/20242025/STL/8484164.png
P.J. Axelsson,LW,https://www.nhl.com/player/8462209,,https://assets.nhle.com/mugs/nhl/20002001/BOS/8462209.png
Andre Savage,C,https://www.nhl.com/player/8467325,,https://assets.nhle.com/mugs/nhl/20002001/BOS/8467325.png
Jozef Stumpel,LW,https://www.nhl.com/player/8458554,,https://assets.nhle.com/mugs/nhl/20012002/BOS/8458554.png
Marty Mcinnis,LW,https://www.nhl.com/player/8457319,,https://assets.nhle.com/mugs/nhl/20012002/BOS/8457319.png
Michal Grosek,LW,https://www.nhl.com/player/8459568,,https://assets.nhle.com/mugs/nhl/20022003/BOS/8459568.png
Dan Mcgillis,D,https://www.nhl.com/player/8459174,,https://assets.nhle.com/mugs/nhl/20022003/BOS/8459174.png
Matthew Herr,C,https://www.nhl.com/player/8460582,,https://assets.nhle.com/mugs/nhl/20022003/BOS/8460582.png
Sergei Zinovjev,C,https://www.nhl.com/player/8468553,,https://assets.nhle.com/mugs/nhl/20032004/BOS/8468553.png
Patrick Leahy,RW,https://www.nhl.com/player/8467444,,https://assets.nhle.com/mugs/nhl/20032004/BOS/8467444.png
Dan Lacouture,LW,https://www.nhl.com/player/8464983,,https://assets.nhle.com/mugs/nhl/20052006/BOS/8464983.png
Zdeno Chara,D,https://www.nhl.com/player/8465009,,https://assets.nhle.com/mugs/nhl/20062007/BOS/8465009.png
Petr Tenkrat,RW,https://www.nhl.com/player/8468103,,https://assets.nhle.com/mugs/nhl/20062007/BOS/8468103.png
David Krejci,C,https://www.nhl.com/player/8471276,,https://assets.nhle.com/mugs/nhl/20062007/BOS/8471276.png
Steve Begin,LW,https://www.nhl.com/player/8464994,,https://assets.nhle.com/mugs/nhl/20092010/BOS/8464994.png
Benoit Pouliot,LW,https://www.nhl.com/player/8471678,,https://assets.nhle.com/mugs/nhl/20112012/BOS/8471678.png
Max Sauve,C,https://www.nhl.com/player/8474607,,https://assets.nhle.com/mugs/nhl/20112012/BOS/8474607.png
Jaromir Jagr,RW,https://www.nhl.com/player/8448208,,https://assets.nhle.com/mugs/nhl/20122013/BOS/8448208.png
Alex Khokhlachev,C,https://www.nhl.com/player/8476435,,https://assets.nhle.com/mugs/nhl/20132014/BOS/8476435.png
Simon Gagne,LW,https://www.nhl.com/player/8467346,,https://assets.nhle.com/mugs/nhl/20142015/BOS/8467346.png
Peter Cehlarik,LW,https://www.nhl.com/player/8477417,,https://assets.nhle.com/mugs/nhl/20162017/BOS/8477417.png
Jeremy Lauzon,D,https://www.nhl.com/player/8478468,,https://assets.nhle.com/mugs/nhl/20182019/BOS/8478468.png
Jakub Zboril,D,https://www.nhl.com/player/8478415,,https://assets.nhle.com/mugs/nhl/20182019/BOS/8478415.png
Par Lindholm,C,https://www.nhl.com/player/8480944,,https://assets.nhle.com/mugs/nhl/20192020/BOS/8480944.png
Jesper Froden,RW,https://www.nhl.com/player/8482834,,https://assets.nhle.com/mugs/nhl/20212022/BOS/8482834.png
Joshua Brown,D,https://www.nhl.com/player/8477384,,https://assets.nhle.com/mugs/nhl/20212022/BOS/8477384.png
Dmitry Orlov,D,https://www.nhl.com/player/8475200,,https://assets.nhle.com/mugs/nhl/20222023/BOS/8475200.png
Frederic Brunet,D,https://www.nhl.com/player/8483017,,https://assets.nhle.com/mugs/nhl/20242025/BOS/8483017.png
Eric Landry,C,https://www.nhl.com/player/8463019,,https://assets.nhle.com/mugs/nhl/20002001/MTL/8463019.png
Sergei Zholtok,C,https://www.nhl.com/player/8458991,,https://assets.nhle.com/mugs/nhl/20002001/MTL/8458991.png
Richard Zednik,RW,https://www.nhl.com/player/8460735,,https://assets.nhle.com/mugs/nhl/20002001/MTL/8460735.png
Eric Chouinard,C,https://www.nhl.com/player/8467342,,https://assets.nhle.com/mugs/nhl/20002001/MTL/8467342.png
Matthieu DescÃ´teaux,D,https://www.nhl.com/player/8464972,,https://assets.nhle.com/mugs/nhl/20002001/MTL/8464972.png
Eric Bertrand,LW,https://www.nhl.com/player/8460014,,https://assets.nhle.com/mugs/nhl/20002001/MTL/8460014.png
Francis Belanger,LW,https://www.nhl.com/player/8467445,,https://assets.nhle.com/mugs/nhl/20002001/MTL/8467445.png
Joe Juneau,C,https://www.nhl.com/player/8456760,,https://assets.nhle.com/mugs/nhl/20012002/MTL/8456760.png
Benoit Gratton,C,https://www.nhl.com/player/8462135,,https://assets.nhle.com/mugs/nhl/20012002/MTL/8462135.png
Martti Jarventie,D,https://www.nhl.com/player/8469558,,https://assets.nhle.com/mugs/nhl/20012002/MTL/8469558.png
Randy Mckay,RW,https://www.nhl.com/player/8449450,,https://assets.nhle.com/mugs/nhl/20022003/MTL/8449450.png
Niklas Sundstrom,RW,https://www.nhl.com/player/8459430,,https://assets.nhle.com/mugs/nhl/20022003/MTL/8459430.png
Alex Kovalev,RW,https://www.nhl.com/player/8458529,,https://assets.nhle.com/mugs/nhl/20032004/MTL/8458529.png
Jean-Philippe Cote,D,https://www.nhl.com/player/8468745,,https://assets.nhle.com/mugs/nhl/20052006/MTL/8468745.png
Roman Hamrlik,D,https://www.nhl.com/player/8458938,,https://assets.nhle.com/mugs/nhl/20072008/MTL/8458938.png
Marc-Andre Bergeron,D,https://www.nhl.com/player/8469765,,https://assets.nhle.com/mugs/nhl/20092010/MTL/8469765.png
JT Wyman,RW,https://www.nhl.com/player/8471312,,https://assets.nhle.com/mugs/nhl/20092010/MTL/8471312.png
Raphael Diaz,D,https://www.nhl.com/player/8476244,,https://assets.nhle.com/mugs/nhl/20112012/MTL/8476244.png
Alexei Emelin,D,https://www.nhl.com/player/8471296,,https://assets.nhle.com/mugs/nhl/20112012/MTL/8471296.png
Michael Bournival,LW,https://www.nhl.com/player/8475739,,https://assets.nhle.com/mugs/nhl/20132014/MTL/8475739.png
Joonas Nattinen,C,https://www.nhl.com/player/8475198,,https://assets.nhle.com/mugs/nhl/20132014/MTL/8475198.png
Jiri Sekac,LW,https://www.nhl.com/player/8478137,,https://assets.nhle.com/mugs/nhl/20142015/MTL/8478137.png
Alexander Semin,RW,https://www.nhl.com/player/8470120,,https://assets.nhle.com/mugs/nhl/20152016/MTL/8470120.png
Mikhail Sergachev,D,https://www.nhl.com/player/8479410,,https://assets.nhle.com/mugs/nhl/20162017/MTL/8479410.png
Rinat Valiev,D,https://www.nhl.com/player/8477642,,https://assets.nhle.com/mugs/nhl/20172018/MTL/8477642.png
Jesse Ylonen,RW,https://www.nhl.com/player/8481058,,https://assets.nhle.com/mugs/nhl/20202021/MTL/8481058.png
Cedric Paquette,C,https://www.nhl.com/player/8476975,,https://assets.nhle.com/mugs/nhl/20212022/MTL/8476975.png
Rafael Harvey-Pinard,LW,https://www.nhl.com/player/8481093,,https://assets.nhle.com/mugs/nhl/20212022/MTL/8481093.png
Cam Hillis,C,https://www.nhl.com/player/8480858,,https://assets.nhle.com/mugs/nhl/20212022/MTL/8480858.png
Evgenii Dadonov,RW,https://www.nhl.com/player/8474149,,https://assets.nhle.com/mugs/nhl/20222023/MTL/8474149.png
Denis Gurianov,RW,https://www.nhl.com/player/8478495,,https://assets.nhle.com/mugs/nhl/20222023/MTL/8478495.png
Joel Teasdale,LW,https://www.nhl.com/player/8480034,,https://assets.nhle.com/mugs/nhl/20222023/MTL/8480034.png
Frederic Allard,D,https://www.nhl.com/player/8479329,,https://assets.nhle.com/mugs/nhl/20222023/MTL/8479329.png
Gustav Lindstrom,D,https://www.nhl.com/player/8480184,,https://assets.nhle.com/mugs/nhl/20232024/MTL/8480184.png
Markus Naslund,LW,https://www.nhl.com/player/8458530,,https://assets.nhle.com/mugs/nhl/20002001/VAN/8458530.png
Mattias Ohlund,D,https://www.nhl.com/player/8460503,,https://assets.nhle.com/mugs/nhl/20002001/VAN/8460503.png
Steven Kariya,LW,https://www.nhl.com/player/8467851,,https://assets.nhle.com/mugs/nhl/20002001/VAN/8467851.png
Artem Chubarov,C,https://www.nhl.com/player/8467359,,https://assets.nhle.com/mugs/nhl/20002001/VAN/8467359.png
Herbert Vasiljevs,RW,https://www.nhl.com/player/8465975,,https://assets.nhle.com/mugs/nhl/20012002/VAN/8465975.png
Marek Malik,D,https://www.nhl.com/player/8459493,,https://assets.nhle.com/mugs/nhl/20022003/VAN/8459493.png
Fedor Fedorov,LW,https://www.nhl.com/player/8468055,,https://assets.nhle.com/mugs/nhl/20022003/VAN/8468055.png
Sven Butenschon,D,https://www.nhl.com/player/8460548,,https://assets.nhle.com/mugs/nhl/20052006/VAN/8460548.png
Chris Tanev,D,https://www.nhl.com/player/8475690,,https://assets.nhle.com/mugs/nhl/20102011/VAN/8475690.png
Yann Sauve,D,https://www.nhl.com/player/8474601,,https://assets.nhle.com/mugs/nhl/20102011/VAN/8474601.png
Marc-Andre Gragnani,D,https://www.nhl.com/player/8471752,,https://assets.nhle.com/mugs/nhl/20112012/VAN/8471752.png
Steven Pinizzotto,RW,https://www.nhl.com/player/8473911,,https://assets.nhle.com/mugs/nhl/20122013/VAN/8473911.png
Michael Zalewski,LW,https://www.nhl.com/player/8477816,,https://assets.nhle.com/mugs/nhl/20132014/VAN/8477816.png
Sven Baertschi,LW,https://www.nhl.com/player/8476466,,https://assets.nhle.com/mugs/nhl/20142015/VAN/8476466.png
Andrey Pedan,D,https://www.nhl.com/player/8476388,,https://assets.nhle.com/mugs/nhl/20152016/VAN/8476388.png
Nikolay Goldobin,RW,https://www.nhl.com/player/8477958,,https://assets.nhle.com/mugs/nhl/20162017/VAN/8477958.png
Anton Rodin,RW,https://www.nhl.com/player/8475210,,https://assets.nhle.com/mugs/nhl/20162017/VAN/8475210.png
Nils Hoglander,LW,https://www.nhl.com/player/8481535,,https://assets.nhle.com/mugs/nhl/20202021/VAN/8481535.png
Oliver Ekman-Larsson,D,https://www.nhl.com/player/8475171,,https://assets.nhle.com/mugs/nhl/20212022/VAN/8475171.png
Vasily Podkolzin,RW,https://www.nhl.com/player/8481617,,https://assets.nhle.com/mugs/nhl/20212022/VAN/8481617.png
Nic Petan,C,https://www.nhl.com/player/8477464,,https://assets.nhle.com/mugs/nhl/20212022/VAN/8477464.png
Andrei Kuzmenko,LW,https://www.nhl.com/player/8483808,,https://assets.nhle.com/mugs/nhl/20222023/VAN/8483808.png
Nils Aman,C,https://www.nhl.com/player/8482496,,https://assets.nhle.com/mugs/nhl/20222023/VAN/8482496.png
Phillip Di Giuseppe,LW,https://www.nhl.com/player/8476858,,https://assets.nhle.com/mugs/nhl/20222023/VAN/8476858.png
Aatu Raty,C,https://www.nhl.com/player/8482691,,https://assets.nhle.com/mugs/nhl/20222023/VAN/8482691.png
Teddy Blueger,C,https://www.nhl.com/player/8476927,,https://assets.nhle.com/mugs/nhl/20232024/VAN/8476927.png
Ulf Dahlen,RW,https://www.nhl.com/player/8446295,,https://assets.nhle.com/mugs/nhl/20002001/WSH/8446295.png
Sylvain Cote,D,https://www.nhl.com/player/8446181,,https://assets.nhle.com/mugs/nhl/20002001/WSH/8446181.png
Jean-Francois Fortin,D,https://www.nhl.com/player/8466170,,https://assets.nhle.com/mugs/nhl/20012002/WSH/8466170.png
Michael Farrell,RW,https://www.nhl.com/player/8467553,,https://assets.nhle.com/mugs/nhl/20012002/WSH/8467553.png
Melvin Angelstad,LW,https://www.nhl.com/player/8459328,,https://assets.nhle.com/mugs/nhl/20032004/WSH/8459328.png
Andrei Podkonicky,C,https://www.nhl.com/player/8465178,,https://assets.nhle.com/mugs/nhl/20032004/WSH/8465178.png
Alex Ovechkin,LW,https://www.nhl.com/player/8471214,,https://assets.nhle.com/mugs/nhl/20052006/WSH/8471214.png
Ivan Majesky,D,https://www.nhl.com/player/8469710,,https://assets.nhle.com/mugs/nhl/20052006/WSH/8469710.png
Petr Sykora,C,https://www.nhl.com/player/8466208,,https://assets.nhle.com/mugs/nhl/20052006/WSH/8466208.png
Nicklas Backstrom,C,https://www.nhl.com/player/8473563,,https://assets.nhle.com/mugs/nhl/20072008/WSH/8473563.png
Eric Belanger,C,https://www.nhl.com/player/8465050,,https://assets.nhle.com/mugs/nhl/20092010/WSH/8465050.png
Evgeny Kuznetsov,C,https://www.nhl.com/player/8475744,,https://assets.nhle.com/mugs/nhl/20132014/WSH/8475744.png
Stanislav Galiev,RW,https://www.nhl.com/player/8475816,,https://assets.nhle.com/mugs/nhl/20142015/WSH/8475816.png
Aliaksei Protas,C,https://www.nhl.com/player/8481656,,https://assets.nhle.com/mugs/nhl/20212022/WSH/8481656.png
Axel Jonsson-Fjallby,LW,https://www.nhl.com/player/8479536,,https://assets.nhle.com/mugs/nhl/20212022/WSH/8479536.png
Hardy Haman Aktell,D,https://www.nhl.com/player/8479522,,https://assets.nhle.com/mugs/nhl/20232024/WSH/8479522.png
Pierrick Dube,RW,https://www.nhl.com/player/8483920,,https://assets.nhle.com/mugs/nhl/20232024/WSH/8483920.png
Bobby Holik,C,https://www.nhl.com/player/8447958,,https://assets.nhle.com/mugs/nhl/20002001/NJD/8447958.png
Stephane Richer,RW,https://www.nhl.com/player/8450825,,https://assets.nhle.com/mugs/nhl/20012002/NJD/8450825.png
Joel Bouchard,D,https://www.nhl.com/player/8459065,,https://assets.nhle.com/mugs/nhl/20012002/NJD/8459065.png
Stephen Guolla,C,https://www.nhl.com/player/8460482,,https://assets.nhle.com/mugs/nhl/20022003/NJD/8460482.png
Raymond Giroux,D,https://www.nhl.com/player/8460689,,https://assets.nhle.com/mugs/nhl/20022003/NJD/8460689.png
Aleksander Suglobov,RW,https://www.nhl.com/player/8468536,,https://assets.nhle.com/mugs/nhl/20032004/NJD/8468536.png
Alexander Brooks,D,https://www.nhl.com/player/8470335,,https://assets.nhle.com/mugs/nhl/20062007/NJD/8470335.png
Vitaly Vishnevski,D,https://www.nhl.com/player/8467352,,https://assets.nhle.com/mugs/nhl/20072008/NJD/8467352.png
Niclas Havelid,D,https://www.nhl.com/player/8467956,,https://assets.nhle.com/mugs/nhl/20082009/NJD/8467956.png
Petr Vrana,LW,https://www.nhl.com/player/8470635,,https://assets.nhle.com/mugs/nhl/20082009/NJD/8470635.png
Pierre-Luc Letourneau-Leblond,RW,https://www.nhl.com/player/8471428,,https://assets.nhle.com/mugs/nhl/20082009/NJD/8471428.png
Stephane Veilleux,LW,https://www.nhl.com/player/8469542,,https://assets.nhle.com/mugs/nhl/20112012/NJD/8469542.png
Raman Hrabarenka,D,https://www.nhl.com/player/8477127,,https://assets.nhle.com/mugs/nhl/20142015/NJD/8477127.png
Sergey Kalinin,C,https://www.nhl.com/player/8478566,,https://assets.nhle.com/mugs/nhl/20152016/NJD/8478566.png
Mirco Mueller,D,https://www.nhl.com/player/8477509,,https://assets.nhle.com/mugs/nhl/20172018/NJD/8477509.png
Egor Yakovlev,D,https://www.nhl.com/player/8480948,,https://assets.nhle.com/mugs/nhl/20182019/NJD/8480948.png
Jean-Sebastien Dea,C,https://www.nhl.com/player/8477520,,https://assets.nhle.com/mugs/nhl/20182019/NJD/8477520.png
Marián Studenic,RW,https://www.nhl.com/player/8480226,,https://assets.nhle.com/mugs/nhl/20202021/NJD/8480226.png
Dmitry Kulikov,D,https://www.nhl.com/player/8475179,,https://assets.nhle.com/mugs/nhl/20202021/NJD/8475179.png
Nikita Okhotiuk,D,https://www.nhl.com/player/8481537,,https://assets.nhle.com/mugs/nhl/20212022/NJD/8481537.png
Frederik Gauthier,C,https://www.nhl.com/player/8477512,,https://assets.nhle.com/mugs/nhl/20212022/NJD/8477512.png
Jonas Ronnqvist,RW,https://www.nhl.com/player/8468578,,https://assets.nhle.com/mugs/nhl/20002001/ANA/8468578.png
Antti Jussi Niemi,D,https://www.nhl.com/player/8465034,,https://assets.nhle.com/mugs/nhl/20002001/ANA/8465034.png
Timo Parssinen,LW,https://www.nhl.com/player/8469551,,https://assets.nhle.com/mugs/nhl/20012002/ANA/8469551.png
Sandis Ozolinsh,D,https://www.nhl.com/player/8458544,,https://assets.nhle.com/mugs/nhl/20022003/ANA/8458544.png
Jonathan Hedstrom,RW,https://www.nhl.com/player/8466345,,https://assets.nhle.com/mugs/nhl/20022003/ANA/8466345.png
Petr Schastlivy,LW,https://www.nhl.com/player/8467425,,https://assets.nhle.com/mugs/nhl/20032004/ANA/8467425.png
Tony Martensson,C,https://www.nhl.com/player/8469667,,https://assets.nhle.com/mugs/nhl/20032004/ANA/8469667.png
Joe Dipenta,D,https://www.nhl.com/player/8467387,,https://assets.nhle.com/mugs/nhl/20052006/ANA/8467387.png
Bruno St. Jacques,D,https://www.nhl.com/player/8467558,,https://assets.nhle.com/mugs/nhl/20052006/ANA/8467558.png
Bjorn Melin,RW,https://www.nhl.com/player/8468036,,https://assets.nhle.com/mugs/nhl/20062007/ANA/8468036.png
Maxim Kondratiev,D,https://www.nhl.com/player/8469615,,https://assets.nhle.com/mugs/nhl/20072008/ANA/8469615.png
Jean-Francois Jacques,LW,https://www.nhl.com/player/8470661,,https://assets.nhle.com/mugs/nhl/20112012/ANA/8470661.png
Simon Despres,D,https://www.nhl.com/player/8475155,,https://assets.nhle.com/mugs/nhl/20142015/ANA/8475155.png
Nick Sorensen,RW,https://www.nhl.com/player/8477466,,https://assets.nhle.com/mugs/nhl/20162017/ANA/8477466.png
Nicolas Kerdiles,LW,https://www.nhl.com/player/8476866,,https://assets.nhle.com/mugs/nhl/20162017/ANA/8476866.png
JT Brown,RW,https://www.nhl.com/player/8476806,,https://assets.nhle.com/mugs/nhl/20172018/ANA/8476806.png
Pontus Aberg,LW,https://www.nhl.com/player/8476857,,https://assets.nhle.com/mugs/nhl/20182019/ANA/8476857.png
Joshua Mahura,D,https://www.nhl.com/player/8479372,,https://assets.nhle.com/mugs/nhl/20182019/ANA/8479372.png
Isac Lundestrom,C,https://www.nhl.com/player/8480806,,https://assets.nhle.com/mugs/nhl/20182019/ANA/8480806.png
Simon Benoit,D,https://www.nhl.com/player/8481122,,https://assets.nhle.com/mugs/nhl/20202021/ANA/8481122.png
Bo Groulx,C,https://www.nhl.com/player/8480870,,https://assets.nhle.com/mugs/nhl/20212022/ANA/8480870.png
Robert Hagg,D,https://www.nhl.com/player/8477462,,https://assets.nhle.com/mugs/nhl/20232024/ANA/8477462.png
Martin Gelinas,LW,https://www.nhl.com/player/8447091,,https://assets.nhle.com/mugs/nhl/20022003/CGY/8447091.png
Robert Dome,LW,https://www.nhl.com/player/8462843,,https://assets.nhle.com/mugs/nhl/20022003/CGY/8462843.png
Tomi Maki,RW,https://www.nhl.com/player/8469557,,https://assets.nhle.com/mugs/nhl/20062007/CGY/8469557.png
Andre Roy,RW,https://www.nhl.com/player/8460639,,https://assets.nhle.com/mugs/nhl/20082009/CGY/8460639.png
Fredrik Sjostrom,LW,https://www.nhl.com/player/8469464,,https://assets.nhle.com/mugs/nhl/20092010/CGY/8469464.png
TJ Brodie,D,https://www.nhl.com/player/8474673,,https://assets.nhle.com/mugs/nhl/20102011/CGY/8474673.png
Roman Horak,C,https://www.nhl.com/player/8475264,,https://assets.nhle.com/mugs/nhl/20112012/CGY/8475264.png
Roman Cervenka,C,https://www.nhl.com/player/8476834,,https://assets.nhle.com/mugs/nhl/20122013/CGY/8476834.png
Emile Poirier,LW,https://www.nhl.com/player/8477486,,https://assets.nhle.com/mugs/nhl/20142015/CGY/8477486.png
Jakub Nakladal,D,https://www.nhl.com/player/8478562,,https://assets.nhle.com/mugs/nhl/20152016/CGY/8478562.png
Nicholas Shore,C,https://www.nhl.com/player/8476406,,https://assets.nhle.com/mugs/nhl/20172018/CGY/8476406.png
Marek Hrivik,LW,https://www.nhl.com/player/8475949,,https://assets.nhle.com/mugs/nhl/20172018/CGY/8475949.png
Dillon Dube,C,https://www.nhl.com/player/8479346,,https://assets.nhle.com/mugs/nhl/20182019/CGY/8479346.png
Calle Jarnkrok,C,https://www.nhl.com/player/8475714,,https://assets.nhle.com/mugs/nhl/20212022/CGY/8475714.png
Eric Desjardins,D,https://www.nhl.com/player/8446407,,https://assets.nhle.com/mugs/nhl/20002001/PHI/8446407.png
Michal Sykora,D,https://www.nhl.com/player/8459059,,https://assets.nhle.com/mugs/nhl/20002001/PHI/8459059.png
John Leclair,LW,https://www.nhl.com/player/8448622,,https://assets.nhle.com/mugs/nhl/20002001/PHI/8448622.png
Joni Pitkanen,D,https://www.nhl.com/player/8470137,,https://assets.nhle.com/mugs/nhl/20032004/PHI/8470137.png
Danny Markov,D,https://www.nhl.com/player/8462258,,https://assets.nhle.com/mugs/nhl/20032004/PHI/8462258.png
Petr Nedved,C,https://www.nhl.com/player/8449807,,https://assets.nhle.com/mugs/nhl/20052006/PHI/8449807.png
Dimitri Afanasenkov,LW,https://www.nhl.com/player/8467397,,https://assets.nhle.com/mugs/nhl/20062007/PHI/8467397.png
Eric Meloche,RW,https://www.nhl.com/player/8465220,,https://assets.nhle.com/mugs/nhl/20062007/PHI/8465220.png
Jaroslav Modry,D,https://www.nhl.com/player/8457403,,https://assets.nhle.com/mugs/nhl/20072008/PHI/8457403.png
Andreas Nodl,RW,https://www.nhl.com/player/8473568,,https://assets.nhle.com/mugs/nhl/20082009/PHI/8473568.png
Mika Pyorala,C,https://www.nhl.com/player/8475381,,https://assets.nhle.com/mugs/nhl/20092010/PHI/8475381.png
David Laliberte,RW,https://www.nhl.com/player/8471336,,https://assets.nhle.com/mugs/nhl/20092010/PHI/8471336.png
Marc-Andre Bourdon,D,https://www.nhl.com/player/8474631,,https://assets.nhle.com/mugs/nhl/20112012/PHI/8474631.png
Evgeny Medvedev,D,https://www.nhl.com/player/8478563,,https://assets.nhle.com/mugs/nhl/20152016/PHI/8478563.png
Mikhail Vorobyev,C,https://www.nhl.com/player/8478844,,https://assets.nhle.com/mugs/nhl/20182019/PHI/8478844.png
Maksim Sushko,RW,https://www.nhl.com/player/8480201,,https://assets.nhle.com/mugs/nhl/20202021/PHI/8480201.png
Egor Zamula,D,https://www.nhl.com/player/8481178,,https://assets.nhle.com/mugs/nhl/20202021/PHI/8481178.png
Linus Hogberg,D,https://www.nhl.com/player/8479534,,https://assets.nhle.com/mugs/nhl/20212022/PHI/8479534.png
Rodrigo Abols,C,https://www.nhl.com/player/8479022,,https://assets.nhle.com/mugs/nhl/20242025/PHI/8479022.png
Nikita Grebenkin,RW,https://www.nhl.com/player/8483733,,https://assets.nhle.com/mugs/nhl/20242025/PHI/8483733.png
Jonas Rondbjerg,RW,https://www.nhl.com/player/8480007,,https://assets.nhle.com/mugs/nhl/20212022/VGK/8480007.png
Tobias Bjornfot,D,https://www.nhl.com/player/8481600,,https://assets.nhle.com/mugs/nhl/20232024/VGK/8481600.png
Raphael Lavoie,C,https://www.nhl.com/player/8481534,,https://assets.nhle.com/mugs/nhl/20242025/VGK/8481534.png
Tommy Vestlund,LW,https://www.nhl.com/player/8467418,,https://assets.nhle.com/mugs/nhl/20002001/CAR/8467418.png
Michael Rucinski,D,https://www.nhl.com/player/8460007,,https://assets.nhle.com/mugs/nhl/20002001/CAR/8460007.png
Tomas Kurka,LW,https://www.nhl.com/player/8468512,,https://assets.nhle.com/mugs/nhl/20022003/CAR/8468512.png
Brad Defauw,LW,https://www.nhl.com/player/8466163,,https://assets.nhle.com/mugs/nhl/20022003/CAR/8466163.png
Allan Rourke,D,https://www.nhl.com/player/8467469,,https://assets.nhle.com/mugs/nhl/20032004/CAR/8467469.png
Jerome Samson,RW,https://www.nhl.com/player/8474220,,https://assets.nhle.com/mugs/nhl/20092010/CAR/8474220.png
Michal Jordan,D,https://www.nhl.com/player/8474661,,https://assets.nhle.com/mugs/nhl/20122013/CAR/8474661.png
Sergey Tolchinsky,LW,https://www.nhl.com/player/8477566,,https://assets.nhle.com/mugs/nhl/20152016/CAR/8477566.png
Saku Maenalanen,RW,https://www.nhl.com/player/8477357,,https://assets.nhle.com/mugs/nhl/20182019/CAR/8477357.png
Joey Keane,D,https://www.nhl.com/player/8480466,,https://assets.nhle.com/mugs/nhl/20202021/CAR/8480466.png
Jesse Puljujarvi,RW,https://www.nhl.com/player/8479344,,https://assets.nhle.com/mugs/nhl/20222023/CAR/8479344.png
Vasily Ponomarev,C,https://www.nhl.com/player/8482102,,https://assets.nhle.com/mugs/nhl/20232024/CAR/8482102.png
Juha Jaaska,LW,https://www.nhl.com/player/8484929,,https://assets.nhle.com/mugs/nhl/20242025/CAR/8484929.png
Kenny Jonsson,D,https://www.nhl.com/player/8459434,,https://assets.nhle.com/mugs/nhl/20002001/NYI/8459434.png
Evgeny Korolev,D,https://www.nhl.com/player/8465165,,https://assets.nhle.com/mugs/nhl/20002001/NYI/8465165.png
Robert Petrovicky,C,https://www.nhl.com/player/8458946,,https://assets.nhle.com/mugs/nhl/20002001/NYI/8458946.png
Jesse Belanger,C,https://www.nhl.com/player/8455564,,https://assets.nhle.com/mugs/nhl/20002001/NYI/8455564.png
Alexandre Kharitonov,RW,https://www.nhl.com/player/8468561,,https://assets.nhle.com/mugs/nhl/20012002/NYI/8468561.png
Masi Marjamaki,LW,https://www.nhl.com/player/8470659,,https://assets.nhle.com/mugs/nhl/20052006/NYI/8470659.png
Thomas Pock,D,https://www.nhl.com/player/8469919,,https://assets.nhle.com/mugs/nhl/20082009/NYI/8469919.png
Kurtis Mclean,RW,https://www.nhl.com/player/8472008,,https://assets.nhle.com/mugs/nhl/20082009/NYI/8472008.png
David Ullstrom,LW,https://www.nhl.com/player/8474666,,https://assets.nhle.com/mugs/nhl/20112012/NYI/8474666.png
Johan Sundstrom,C,https://www.nhl.com/player/8476445,,https://assets.nhle.com/mugs/nhl/20132014/NYI/8476445.png
Nikolay Kulemin,LW,https://www.nhl.com/player/8473579,,https://assets.nhle.com/mugs/nhl/20142015/NYI/8473579.png
Joshua Ho-Sang,RW,https://www.nhl.com/player/8477959,,https://assets.nhle.com/mugs/nhl/20162017/NYI/8477959.png
Tom Kuhnhackl,RW,https://www.nhl.com/player/8475832,,https://assets.nhle.com/mugs/nhl/20182019/NYI/8475832.png
Simon Holmstrom,RW,https://www.nhl.com/player/8481601,,https://assets.nhle.com/mugs/nhl/20222023/NYI/8481601.png
Nik Antropov,C,https://www.nhl.com/player/8467353,,https://assets.nhle.com/mugs/nhl/20112012/WPG/8467353.png
Toby Enstrom,D,https://www.nhl.com/player/8470828,,https://assets.nhle.com/mugs/nhl/20112012/WPG/8470828.png
CJ Suess,LW,https://www.nhl.com/player/8478058,,https://assets.nhle.com/mugs/nhl/20192020/WPG/8478058.png
Evgeny Svechnikov,LW,https://www.nhl.com/player/8478431,,https://assets.nhle.com/mugs/nhl/20212022/WPG/8478431.png
Ziggy Palffy,RW,https://www.nhl.com/player/8458540,,https://assets.nhle.com/mugs/nhl/20002001/LAK/8458540.png
Mattias Norstrom,D,https://www.nhl.com/player/8458984,,https://assets.nhle.com/mugs/nhl/20002001/LAK/8458984.png
John Thomas,RW,https://www.nhl.com/player/8458208,,https://assets.nhle.com/mugs/nhl/20002001/LAK/8458208.png
Alex Frolov,LW,https://www.nhl.com/player/8468500,,https://assets.nhle.com/mugs/nhl/20022003/LAK/8468500.png
Konstantin Pushkarev,RW,https://www.nhl.com/player/8470637,,https://assets.nhle.com/mugs/nhl/20052006/LAK/8470637.png
Oscar Moller,RW,https://www.nhl.com/player/8474114,,https://assets.nhle.com/mugs/nhl/20082009/LAK/8474114.png
Slava Voynov,D,https://www.nhl.com/player/8474594,,https://assets.nhle.com/mugs/nhl/20112012/LAK/8474594.png
Carl Grundstrom,RW,https://www.nhl.com/player/8479336,,https://assets.nhle.com/mugs/nhl/20182019/LAK/8479336.png
Vladimir Tkachev,LW,https://www.nhl.com/player/8478250,,https://assets.nhle.com/mugs/nhl/20212022/LAK/8478250.png
Frederick Gaudreau,C,https://www.nhl.com/player/8477919,,https://assets.nhle.com/mugs/nhl/20242025/SEA/8477919.png
Martin St. Louis,RW,https://www.nhl.com/player/8466378,,https://assets.nhle.com/mugs/nhl/20002001/TBL/8466378.png
Nisse Ekman,RW,https://www.nhl.com/player/8460595,,https://assets.nhle.com/mugs/nhl/20002001/TBL/8460595.png
Kaspars Astashenko,D,https://www.nhl.com/player/8468000,,https://assets.nhle.com/mugs/nhl/20002001/TBL/8468000.png
Stan Neckar,D,https://www.nhl.com/player/8460520,,https://assets.nhle.com/mugs/nhl/20002001/TBL/8460520.png
Sergey Gusev,D,https://www.nhl.com/player/8462096,,https://assets.nhle.com/mugs/nhl/20002001/TBL/8462096.png
Jimmie Olvestad,LW,https://www.nhl.com/player/8467961,,https://assets.nhle.com/mugs/nhl/20012002/TBL/8467961.png
Juha Ylonen,C,https://www.nhl.com/player/8458605,,https://assets.nhle.com/mugs/nhl/20012002/TBL/8458605.png
Zdeno Ciger,LW,https://www.nhl.com/player/8446133,,https://assets.nhle.com/mugs/nhl/20012002/TBL/8446133.png
Gaetan Royer,RW,https://www.nhl.com/player/8460821,,https://assets.nhle.com/mugs/nhl/20012002/TBL/8460821.png
Eric Perrin,C,https://www.nhl.com/player/8466399,,https://assets.nhle.com/mugs/nhl/20032004/TBL/8466399.png
Norman Milley,RW,https://www.nhl.com/player/8467373,,https://assets.nhle.com/mugs/nhl/20052006/TBL/8467373.png
Vladimir Mihalik,D,https://www.nhl.com/player/8471704,,https://assets.nhle.com/mugs/nhl/20082009/TBL/8471704.png
Pierre-Cedric Labrie,LW,https://www.nhl.com/player/8474201,,https://assets.nhle.com/mugs/nhl/20112012/TBL/8474201.png
Dmitry Korobov,D,https://www.nhl.com/player/8477082,,https://assets.nhle.com/mugs/nhl/20132014/TBL/8477082.png
Joel Vermin,RW,https://www.nhl.com/player/8477326,,https://assets.nhle.com/mugs/nhl/20152016/TBL/8477326.png
Max Crozier,D,https://www.nhl.com/player/8481719,,https://assets.nhle.com/mugs/nhl/20232024/TBL/8481719.png
Mathew Dumba,D,https://www.nhl.com/player/8476856,,https://assets.nhle.com/mugs/nhl/20232024/TBL/8476856.png
Waltteri Merela,C,https://www.nhl.com/player/8484325,,https://assets.nhle.com/mugs/nhl/20232024/TBL/8484325.png
J.J. Moser,D,https://www.nhl.com/player/8482655,,https://assets.nhle.com/mugs/nhl/20242025/TBL/8482655.png
Jonas Hoglund,RW,https://www.nhl.com/player/8459158,,https://assets.nhle.com/mugs/nhl/20002001/TOR/8459158.png
Jonas Frogren,D,https://www.nhl.com/player/8467531,,https://assets.nhle.com/mugs/nhl/20082009/TOR/8467531.png
Andre Deveaux,C,https://www.nhl.com/player/8470301,,https://assets.nhle.com/mugs/nhl/20082009/TOR/8470301.png
Marcel Mueller,C,https://www.nhl.com/player/8475950,,https://assets.nhle.com/mugs/nhl/20102011/TOR/8475950.png
TJ Brennan,D,https://www.nhl.com/player/8474113,,https://assets.nhle.com/mugs/nhl/20142015/TOR/8474113.png
Milan Michalek,LW,https://www.nhl.com/player/8470599,,https://assets.nhle.com/mugs/nhl/20152016/TOR/8470599.png
Viktor Loov,D,https://www.nhl.com/player/8477033,,https://assets.nhle.com/mugs/nhl/20152016/TOR/8477033.png
Mitch Marner,RW,https://www.nhl.com/player/8478483,,https://assets.nhle.com/mugs/nhl/20162017/TOR/8478483.png
Alexey Marchenko,D,https://www.nhl.com/player/8476289,,https://assets.nhle.com/mugs/nhl/20162017/TOR/8476289.png
Egor Korshkov,RW,https://www.nhl.com/player/8479510,,https://assets.nhle.com/mugs/nhl/20192020/TOR/8479510.png
Nicholas Robertson,LW,https://www.nhl.com/player/8481582,,https://assets.nhle.com/mugs/nhl/20202021/TOR/8481582.png
Filip Kral,D,https://www.nhl.com/player/8480820,,https://assets.nhle.com/mugs/nhl/20222023/TOR/8480820.png
Patrick Cote,LW,https://www.nhl.com/player/8460846,,https://assets.nhle.com/mugs/nhl/20002001/EDM/8460846.png
Alexei Semenov,D,https://www.nhl.com/player/8467909,,https://assets.nhle.com/mugs/nhl/20022003/EDM/8467909.png
Sebastien Bisaillon,D,https://www.nhl.com/player/8471911,,https://assets.nhle.com/mugs/nhl/20062007/EDM/8471911.png
Milan Kytnar,C,https://www.nhl.com/player/8474128,,https://assets.nhle.com/mugs/nhl/20112012/EDM/8474128.png
Joseph Gambardella,C,https://www.nhl.com/player/8479970,,https://assets.nhle.com/mugs/nhl/20182019/EDM/8479970.png
Gaetan Haas,C,https://www.nhl.com/player/8481813,,https://assets.nhle.com/mugs/nhl/20192020/EDM/8481813.png
Joakim Nygard,LW,https://www.nhl.com/player/8481638,,https://assets.nhle.com/mugs/nhl/20192020/EDM/8481638.png
Markus Niemelainen,D,https://www.nhl.com/player/8479338,,https://assets.nhle.com/mugs/nhl/20212022/EDM/8479338.png
Philip Kemp,D,https://www.nhl.com/player/8480274,,https://assets.nhle.com/mugs/nhl/20232024/EDM/8480274.png
Matt Savoie,C,https://www.nhl.com/player/8483512,,https://assets.nhle.com/mugs/nhl/20242025/EDM/8483512.png
Stephane Matteau,LW,https://www.nhl.com/player/8449295,,https://assets.nhle.com/mugs/nhl/20022003/FLA/8449295.png
Gregory Jacina,C,https://www.nhl.com/player/8469805,,https://assets.nhle.com/mugs/nhl/20052006/FLA/8469805.png
Michal Repik,RW,https://www.nhl.com/player/8474153,,https://assets.nhle.com/mugs/nhl/20082009/FLA/8474153.png
Jonathan Rheault,RW,https://www.nhl.com/player/8473616,,https://assets.nhle.com/mugs/nhl/20122013/FLA/8473616.png
Patric Hornqvist,RW,https://www.nhl.com/player/8471887,,https://assets.nhle.com/mugs/nhl/20202021/FLA/8471887.png
Josef Beranek,LW,https://www.nhl.com/player/8455575,,https://assets.nhle.com/mugs/nhl/20002001/PIT/8455575.png
Aleksey Morozov,RW,https://www.nhl.com/player/8462054,,https://assets.nhle.com/mugs/nhl/20002001/PIT/8462054.png
Rene Corbet,LW,https://www.nhl.com/player/8458538,,https://assets.nhle.com/mugs/nhl/20002001/PIT/8458538.png
Evgeni Malkin,C,https://www.nhl.com/player/8471215,,https://assets.nhle.com/mugs/nhl/20062007/PIT/8471215.png
P.O Joseph,D,https://www.nhl.com/player/8480058,,https://assets.nhle.com/mugs/nhl/20202021/PIT/8480058.png
Kasper Bjorkqvist,RW,https://www.nhl.com/player/8479512,,https://assets.nhle.com/mugs/nhl/20212022/PIT/8479512.png
Filip Hallander,C,https://www.nhl.com/player/8480842,,https://assets.nhle.com/mugs/nhl/20212022/PIT/8480842.png
Sam Poulin,RW,https://www.nhl.com/player/8481591,,https://assets.nhle.com/mugs/nhl/20222023/PIT/8481591.png
Vitali Yachmenev,RW,https://www.nhl.com/player/8460551,,https://assets.nhle.com/mugs/nhl/20002001/NSH/8460551.png
Sebastien Bordeleau,C,https://www.nhl.com/player/8459494,,https://assets.nhle.com/mugs/nhl/20002001/NSH/8459494.png
Alexandre Boikov,D,https://www.nhl.com/player/8464783,,https://assets.nhle.com/mugs/nhl/20002001/NSH/8464783.png
J-P Dumont,RW,https://www.nhl.com/player/8464957,,https://assets.nhle.com/mugs/nhl/20062007/NSH/8464957.png
Antti Pihlstrom,LW,https://www.nhl.com/player/8473973,,https://assets.nhle.com/mugs/nhl/20072008/NSH/8473973.png
Peter Olvecky,LW,https://www.nhl.com/player/8471290,,https://assets.nhle.com/mugs/nhl/20092010/NSH/8471290.png
Daniel Bang,LW,https://www.nhl.com/player/8476835,,https://assets.nhle.com/mugs/nhl/20122013/NSH/8476835.png
Miikka Salomaki,RW,https://www.nhl.com/player/8476447,,https://assets.nhle.com/mugs/nhl/20142015/NSH/8476447.png
Jeremy Davies,D,https://www.nhl.com/player/8479602,,https://assets.nhle.com/mugs/nhl/20202021/NSH/8479602.png
Juuso Parssinen,C,https://www.nhl.com/player/8481704,,https://assets.nhle.com/mugs/nhl/20222023/NSH/8481704.png
Egor Afanasyev,LW,https://www.nhl.com/player/8481585,,https://assets.nhle.com/mugs/nhl/20222023/NSH/8481585.png
Fedor Svechkov,C,https://www.nhl.com/player/8482768,,https://assets.nhle.com/mugs/nhl/20242025/NSH/8482768.png
Eric Lacroix,LW,https://www.nhl.com/player/8456933,,https://assets.nhle.com/mugs/nhl/20002001/NYR/8456933.png
Libor Hajek,D,https://www.nhl.com/player/8479333,,https://assets.nhle.com/mugs/nhl/20182019/NYR/8479333.png
Adam Edstrom,C,https://www.nhl.com/player/8481726,,https://assets.nhle.com/mugs/nhl/20232024/NYR/8481726.png
Nicklas Lidstrom,D,https://www.nhl.com/player/8457063,,https://assets.nhle.com/mugs/nhl/20002001/DET/8457063.png
Tomas Holmstrom,LW,https://www.nhl.com/player/8460743,,https://assets.nhle.com/mugs/nhl/20002001/DET/8460743.png
Johan Franzen,RW,https://www.nhl.com/player/8471309,,https://assets.nhle.com/mugs/nhl/20052006/DET/8471309.png
Fabian Brunnstrom,LW,https://www.nhl.com/player/8474552,,https://assets.nhle.com/mugs/nhl/20112012/DET/8474552.png
Mathias Brome,LW,https://www.nhl.com/player/8482240,,https://assets.nhle.com/mugs/nhl/20202021/DET/8482240.png
Elmer Soderblom,LW,https://www.nhl.com/player/8481725,,https://assets.nhle.com/mugs/nhl/20222023/DET/8481725.png
Nick Baptiste,RW,https://www.nhl.com/player/8477491,,https://assets.nhle.com/mugs/nhl/20162017/BUF/8477491.png
Victor Antipin,D,https://www.nhl.com/player/8479755,,https://assets.nhle.com/mugs/nhl/20172018/BUF/8479755.png
Jiri Kulich,C,https://www.nhl.com/player/8483468,,https://assets.nhle.com/mugs/nhl/20232024/BUF/8483468.png
Isak Rosen,RW,https://www.nhl.com/player/8482765,,https://assets.nhle.com/mugs/nhl/20232024/BUF/8482765.png
Noah Ostlund,C,https://www.nhl.com/player/8483500,,https://assets.nhle.com/mugs/nhl/20242025/BUF/8483500.png
Stephane Da Costa,C,https://www.nhl.com/player/8476205,,https://assets.nhle.com/mugs/nhl/20102011/OTT/8476205.png
Andre Petersson,RW,https://www.nhl.com/player/8474670,,https://assets.nhle.com/mugs/nhl/20112012/OTT/8474670.png
Christopher DiDomenico,LW,https://www.nhl.com/player/8474018,,https://assets.nhle.com/mugs/nhl/20162017/OTT/8474018.png
Filip Chlapik,C,https://www.nhl.com/player/8478488,,https://assets.nhle.com/mugs/nhl/20172018/OTT/8478488.png
Max Veronneau,RW,https://www.nhl.com/player/8480314,,https://assets.nhle.com/mugs/nhl/20182019/OTT/8480314.png
Erik Brannstrom,D,https://www.nhl.com/player/8480073,,https://assets.nhle.com/mugs/nhl/20182019/OTT/8480073.png
J.C. Beaudin,C,https://www.nhl.com/player/8478833,,https://assets.nhle.com/mugs/nhl/20192020/OTT/8478833.png
Artem Zub,D,https://www.nhl.com/player/8482245,,https://assets.nhle.com/mugs/nhl/20202021/OTT/8482245.png
Egor Sokolov,LW,https://www.nhl.com/player/8481102,,https://assets.nhle.com/mugs/nhl/20212022/OTT/8481102.png
Maxence Guenette,D,https://www.nhl.com/player/8481679,,https://assets.nhle.com/mugs/nhl/20222023/OTT/8481679.png
Roby Jarventie,LW,https://www.nhl.com/player/8482162,,https://assets.nhle.com/mugs/nhl/20232024/OTT/8482162.png
Jan Jenik,C,https://www.nhl.com/player/8480890,,https://assets.nhle.com/mugs/nhl/20242025/OTT/8480890.png
Marc-Edouard Vlasic,D,https://www.nhl.com/player/8471709,,https://assets.nhle.com/mugs/nhl/20062007/SJS/8471709.png
Marcus Sorensen,LW,https://www.nhl.com/player/8475834,,https://assets.nhle.com/mugs/nhl/20162017/SJS/8475834.png
Jake Middleton,D,https://www.nhl.com/player/8478136,,https://assets.nhle.com/mugs/nhl/20182019/SJS/8478136.png
Danil Yurtaykin,LW,https://www.nhl.com/player/8481515,,https://assets.nhle.com/mugs/nhl/20192020/SJS/8481515.png
Sasha Chmelevski,C,https://www.nhl.com/player/8480053,,https://assets.nhle.com/mugs/nhl/20202021/SJS/8480053.png
Fredrik Handemark,C,https://www.nhl.com/player/8482248,,https://assets.nhle.com/mugs/nhl/20202021/SJS/8482248.png
Jonathan Dahlen,C,https://www.nhl.com/player/8479373,,https://assets.nhle.com/mugs/nhl/20212022/SJS/8479373.png
Artemi Kniazev,D,https://www.nhl.com/player/8481552,,https://assets.nhle.com/mugs/nhl/20212022/SJS/8481552.png
Danil Gushchin,LW,https://www.nhl.com/player/8482101,,https://assets.nhle.com/mugs/nhl/20222023/SJS/8482101.png
Cam Lund,C,https://www.nhl.com/player/8483481,,https://assets.nhle.com/mugs/nhl/20242025/SJS/8483481.png
Mathias Tjarnqvist,LW,https://www.nhl.com/player/8467969,,https://assets.nhle.com/mugs/nhl/20032004/DAL/8467969.png
Ivan Vishnevskiy,D,https://www.nhl.com/player/8473582,,https://assets.nhle.com/mugs/nhl/20082009/DAL/8473582.png
Fredrik Karlstrom,C,https://www.nhl.com/player/8479518,,https://assets.nhle.com/mugs/nhl/20212022/DAL/8479518.png
Cameron Stewart,LW,https://www.nhl.com/player/8458126,,https://assets.nhle.com/mugs/nhl/20002001/MIN/8458126.png
J.J. Daigneault,D,https://www.nhl.com/player/8446286,,https://assets.nhle.com/mugs/nhl/20002001/MIN/8446286.png
Kristopher Foucault,LW,https://www.nhl.com/player/8475219,,https://assets.nhle.com/mugs/nhl/20112012/MIN/8475219.png
Michael Keranen,LW,https://www.nhl.com/player/8477923,,https://assets.nhle.com/mugs/nhl/20152016/MIN/8477923.png
Patrick Cannone,C,https://www.nhl.com/player/8476219,,https://assets.nhle.com/mugs/nhl/20162017/MIN/8476219.png
Liam Ohgren,LW,https://www.nhl.com/player/8483499,,https://assets.nhle.com/mugs/nhl/20232024/MIN/8483499.png
